state_code,county_code,same_num,same_rate,similar_rate,long_name
US,0,186595,0.8439,0.8821,Nationwide
AK,2020,25,0.88,0.9421487603305785,Anchorage Municipality
AK,2090,2,1,0.9183673469387755,Fairbanks North Star Borough
AK,2110,1,1,0.9565217391304348,Juneau City and Borough
AK,2122,3,1,1,Kenai Peninsula Borough
AK,2170,8,0.875,0.9197080291970803,Matanuska-Susitna Borough
AK,2185,1,1,1,North Slope Borough
AK,2220,1,1,0.875,Sitka City and Borough
AL,1001,2,1,0.9130434782608695,Autauga County
AL,1003,16,0.6875,0.844559585,Baldwin County
AL,1005,3,0,0.2,Barbour County
AL,1009,2,0.5,0.5454545454545454,Blount County
AL,1011,1,1,1,Bullock County
AL,1015,5,1,0.6086956521739131,Calhoun County
AL,1021,3,0.6666666666666666,0.5652173913043478,Chilton County
AL,1027,1,0,0.5,Clay County
AL,1031,11,0.9090909090909091,0.8918918918918919,Coffee County
AL,1043,4,1,0.8076923076923077,Cullman County
AL,1047,1,1,0.5,Dallas County
AL,1049,2,1,0.6428571428571429,DeKalb County
AL,1051,2,0.5,0.7446808510638298,Elmore County
AL,1053,1,1,0.7692307692307693,Escambia County
AL,1061,1,1,0.6363636363636364,Geneva County
AL,1067,1,0,1,Henry County
AL,1069,2,1,0.8222222222222222,Houston County
AL,1071,3,0.3333333333333333,0.8125,Jackson County
AL,1073,27,0.8148148148148148,0.8979591836734694,Jefferson County
AL,1075,1,1,1,Lamar County
AL,1077,3,0.6666666666666666,0.8666666666666667,Lauderdale County
AL,1079,1,0,0.6666666666666666,Lawrence County
AL,1081,6,0.6666666666666666,0.8602150537634409,Lee County
AL,1083,9,0.2222222222222222,0.8529411764705882,Limestone County
AL,1087,1,0,0,Macon County
AL,1089,22,0.8636363636363636,0.9034267912772586,Madison County
AL,1091,1,0,1,Marengo County
AL,1093,1,0,0.14285714285714285,Marion County
AL,1095,4,1,0.8285714285714286,Marshall County
AL,1097,10,0.7,0.8016528925619835,Mobile County
AL,1101,3,0,0.8414634146341463,Montgomery County
AL,1103,5,0.4,0.8181818181818182,Morgan County
AL,1109,3,0,0.7142857142857143,Pike County
AL,1111,2,0.5,0.8,Randolph County
AL,1113,2,0.5,0.8461538461538461,Russell County
AL,1115,6,0.6666666666666666,0.8125,St. Clair County
AL,1117,7,0.8571428571428571,0.8229166666666666,Shelby County
AL,1121,5,0.2,0.4166666666666667,Talladega County
AL,1125,5,0.8,0.7368421052631579,Tuscaloosa County
AL,1127,2,0,0.6666666666666666,Walker County
AL,1133,1,0,0.8333333333333334,Winston County
AR,5007,18,0.9444444444444444,0.9324894514767933,Benton County
AR,5015,1,1,1,Carroll County
AR,5017,1,1,0.5,Chicot County
AR,5021,1,1,0.5,Clay County
AR,5023,3,0,0.6,Cleburne County
AR,5027,2,1,0.2857142857142857,Columbia County
AR,5029,1,1,0.6666666666666666,Conway County
AR,5031,4,0.75,0.8627450980392157,Craighead County
AR,5033,3,1,0.7941176470588235,Crawford County
AR,5035,1,1,0.75,Crittenden County
AR,5045,6,0.5,0.8153846153846154,Faulkner County
AR,5047,2,1,0.5714285714285714,Franklin County
AR,5051,9,0.5555555555555556,0.8095238095238095,Garland County
AR,5053,1,1,0.75,Grant County
AR,5059,1,0,0.13333333333333333,Hot Spring County
AR,5063,1,1,0.8333333333333334,Independence County
AR,5069,1,0,0.5,Jefferson County
AR,5071,1,1,0.8571428571428571,Johnson County
AR,5081,1,1,0.5,Little River County
AR,5085,2,1,0.9117647058823529,Lonoke County
AR,5091,3,0.3333333333333333,0.8,Miller County
AR,5093,1,1,0,Mississippi County
AR,5099,1,1,0.3333333333333333,Nevada County
AR,5115,1,1,0.92,Pope County
AR,5119,10,0.7,0.9084967320261438,Pulaski County
AR,5121,1,0,1,Randolph County
AR,5125,4,0.75,0.8518518518518519,Saline County
AR,5127,1,1,0.75,Scott County
AR,5131,5,0.8,0.7702702702702703,Sebastian County
AR,5133,3,0.3333333333333333,0.42857142857142855,Sevier County
AR,5135,1,1,0.6,Sharp County
AR,5139,1,0,0.47368421052631576,Union County
AR,5141,1,1,0.5,Van Buren County
AR,5143,17,0.7647058823529411,0.9583333333333334,Washington County
AZ,4003,4,0.75,0.8791208791208791,Cochise County
AZ,4005,13,0.9230769230769231,0.8958333333333334,Coconino County
AZ,4007,4,0.75,0.926829268,Gila County
AZ,4009,2,1,0.8333333333333334,Graham County
AZ,4012,1,1,0.75,La Paz County
AZ,4013,377,0.8779840848806366,0.8899130892810113,Maricopa County
AZ,4015,11,0.8181818181818182,0.859375,Mohave County
AZ,4017,11,0.9090909090909091,0.9016393442622951,Navajo County
AZ,4019,115,0.8869565217391304,0.8978675645342312,Pima County
AZ,4021,72,0.8333333333333334,0.8702101359703337,Pinal County
AZ,4023,1,0,0.8421052631578947,Santa Cruz County
AZ,4025,27,0.7777777777777778,0.868995633,Yavapai County
AZ,4027,9,0.8888888888888888,0.8739495798319328,Yuma County
CA,6001,136,0.9117647058823529,0.9302721088435374,Alameda County
CA,6005,4,0.75,0.8387096774193549,Amador County
CA,6007,13,0.9230769230769231,0.8857142857142857,Butte County
CA,6009,3,0.6666666666666666,0.9,Calaveras County
CA,6011,1,0,1,Colusa County
CA,6013,112,0.8928571428571429,0.9146230699364214,Contra Costa County
CA,6015,2,1,0.8,Del Norte County
CA,6017,12,0.75,0.9082125603864735,El Dorado County
CA,6019,87,0.8620689655172413,0.9135593220338983,Fresno County
CA,6021,3,0,0.8333333333333334,Glenn County
CA,6023,4,0.75,0.9298245614035088,Humboldt County
CA,6025,6,0.8333333333333334,0.9444444444444444,Imperial County
CA,6027,1,1,0.9375,Inyo County
CA,6029,66,0.8181818181818182,0.8842364532019704,Kern County
CA,6031,8,0.75,0.8852459016393442,Kings County
CA,6033,8,1,0.9,Lake County
CA,6035,3,0.6666666666666666,0.9375,Lassen County
CA,6037,515,0.8621359223300971,0.906964238,Los Angeles County
CA,6039,18,0.8333333333333334,0.8859649122807017,Madera County
CA,6041,14,0.9285714285714286,0.9471153846153846,Marin County
CA,6043,4,1,0.875,Mariposa County
CA,6047,26,0.8461538461538461,0.8934426229508197,Merced County
CA,6051,3,1,1,Mono County
CA,6053,20,0.85,0.9162011173184358,Monterey County
CA,6055,10,0.8,0.9285714285714286,Napa County
CA,6057,11,0.9090909090909091,0.925531915,Nevada County
CA,6059,160,0.85625,0.897172237,Orange County
CA,6061,50,0.88,0.9213893967093236,Placer County
CA,6063,1,1,0.9333333333333333,Plumas County
CA,6065,348,0.8591954022988506,0.8878883385862224,Riverside County
CA,6067,217,0.8663594470046083,0.914836993,Sacramento County
CA,6069,7,1,0.896551724,San Benito County
CA,6071,247,0.8421052631578947,0.874251497,San Bernardino County
CA,6073,285,0.8842105263157894,0.8995345228859581,San Diego County
CA,6075,95,0.9578947368421052,0.953405018,San Francisco County
CA,6077,91,0.8241758241758241,0.8939393939393939,San Joaquin County
CA,6079,26,0.7692307692307693,0.9006622516556292,San Luis Obispo County
CA,6081,38,0.9473684210526315,0.9591474245115453,San Mateo County
CA,6083,17,0.8823529411764706,0.9079754601226994,Santa Barbara County
CA,6085,68,0.7941176470588235,0.9233097880928355,Santa Clara County
CA,6087,12,0.75,0.9375,Santa Cruz County
CA,6089,16,0.9375,0.9044117647058824,Shasta County
CA,6093,1,1,0.9642857142857143,Siskiyou County
CA,6095,61,0.9180327868852459,0.9497307001795332,Solano County
CA,6097,44,0.9090909090909091,0.9329896907216495,Sonoma County
CA,6099,47,0.8723404255319149,0.889261745,Stanislaus County
CA,6101,12,0.8333333333333334,0.9333333333333333,Sutter County
CA,6103,6,0.8333333333333334,0.9459459459459459,Tehama County
CA,6105,1,1,0.7,Trinity County
CA,6107,32,0.96875,0.89,Tulare County
CA,6109,5,0.6,0.9333333333333333,Tuolumne County
CA,6111,46,0.9347826086956522,0.9156626506024096,Ventura County
CA,6113,18,0.8888888888888888,0.9487179487179487,Yolo County
CA,6115,23,0.7391304347826086,0.8507462686567164,Yuba County
CO,8001,108,0.7870370370370371,0.8813056379821959,Adams County
CO,8003,1,1,1,Alamosa County
CO,8005,72,0.9166666666666666,0.9133627019089574,Arapahoe County
CO,8007,1,1,0.9411764705882353,Archuleta County
CO,8013,19,0.8947368421052632,0.9315068493150684,Boulder County
CO,8014,5,0.4,0.875,Broomfield County
CO,8029,1,1,0.75,Delta County
CO,8031,72,0.9305555555555556,0.9463955637707948,Denver County
CO,8035,24,0.9583333333333334,0.9473684210526315,Douglas County
CO,8037,1,1,0.967741935,Eagle County
CO,8039,5,1,0.9642857142857143,Elbert County
CO,8041,104,0.8461538461538461,0.9453703703703704,El Paso County
CO,8043,6,0.8333333333333334,0.8571428571428571,Fremont County
CO,8045,3,1,0.88,Garfield County
CO,8047,2,1,1,Gilpin County
CO,8049,5,1,0.8823529411764706,Grand County
CO,8051,2,1,1,Gunnison County
CO,8059,46,0.9565217391304348,0.9596412556053812,Jefferson County
CO,8063,1,1,1,Kit Carson County
CO,8065,2,1,0.8888888888888888,Lake County
CO,8067,4,0.75,0.8461538461538461,La Plata County
CO,8069,30,0.8333333333333334,0.9106529209621993,Larimer County
CO,8075,1,1,1,Logan County
CO,8077,10,0.7,0.8636363636363636,Mesa County
CO,8081,2,1,0.8333333333333334,Moffat County
CO,8083,2,1,0.75,Montezuma County
CO,8085,5,0.8,0.8181818181818182,Montrose County
CO,8087,3,1,1,Morgan County
CO,8089,1,1,1,Otero County
CO,8091,2,0.5,1,Ouray County
CO,8093,3,1,0.9166666666666666,Park County
CO,8097,1,1,0.8181818181818182,Pitkin County
CO,8101,21,0.8095238095238095,0.8881118881118881,Pueblo County
CO,8103,2,1,1,Rio Blanco County
CO,8105,1,1,1,Rio Grande County
CO,8117,5,0.8,0.8775510204081632,Summit County
CO,8119,4,0.5,0.9333333333333333,Teller County
CO,8123,44,0.8863636363636364,0.883054893,Weld County
CT,9001,48,0.9583333333333334,0.9316239316239316,Fairfield County
CT,9003,44,0.9318181818181818,0.9018087855297158,Hartford County
CT,9005,7,1,0.9056603773584906,Litchfield County
CT,9007,5,0.8,0.926829268,Middlesex County
CT,9009,48,0.8125,0.9057591623036649,New Haven County
CT,9011,12,0.9166666666666666,0.936046512,New London County
CT,9013,2,1,1,Tolland County
CT,9015,10,0.8,0.9130434782608695,Windham County
DC,11001,89,0.9438202247191011,0.9614604462474645,District of Columbia
DE,10001,21,0.8571428571428571,0.841726619,Kent County
DE,10003,34,0.8529411764705882,0.9274193548387096,New Castle County
DE,10005,27,0.8888888888888888,0.8385650224215246,Sussex County
FL,12001,24,0.6666666666666666,0.8813559322033898,Alachua County
FL,12003,2,0.5,0.6875,Baker County
FL,12005,17,0.9411764705882353,0.7610619469026548,Bay County
FL,12007,2,1,0.7,Bradford County
FL,12009,41,0.9512195121951219,0.8783783783783784,Brevard County
FL,12011,148,0.8243243243243243,0.807277628,Broward County
FL,12015,22,0.8181818181818182,0.881578947,Charlotte County
FL,12017,11,0.7272727272727273,0.8490566037735849,Citrus County
FL,12019,18,0.8888888888888888,0.8506787330316742,Clay County
FL,12021,20,0.95,0.8415841584158416,Collier County
FL,12023,5,0.6,0.7575757575757576,Columbia County
FL,12027,4,0.75,0.8333333333333334,DeSoto County
FL,12031,74,0.8243243243243243,0.8547400611620795,Duval County
FL,12033,37,0.918918919,0.8358778625954199,Escambia County
FL,12035,8,1,0.875,Flagler County
FL,12037,2,1,0.75,Franklin County
FL,12041,1,1,0.7142857142857143,Gilchrist County
FL,12043,2,1,0.75,Glades County
FL,12045,1,1,0.5909090909090909,Gulf County
FL,12047,1,0,0.16666666666666666,Hamilton County
FL,12051,3,0.3333333333333333,0.6956521739130435,Hendry County
FL,12053,11,0.9090909090909091,0.8404907975460123,Hernando County
FL,12055,5,0.8,0.8863636363636364,Highlands County
FL,12057,121,0.859504132,0.879882813,Hillsborough County
FL,12061,11,0.8181818181818182,0.9473684210526315,Indian River County
FL,12063,2,0.5,0.45,Jackson County
FL,12065,2,1,0.7142857142857143,Jefferson County
FL,12069,56,0.75,0.8586118251928021,Lake County
FL,12071,59,0.86440678,0.8574181117533719,Lee County
FL,12073,12,0.8333333333333334,0.8860759493670886,Leon County
FL,12075,5,0.4,0.5,Levy County
FL,12081,34,0.9411764705882353,0.8575342465753425,Manatee County
FL,12083,34,0.6764705882352942,0.8159509202453987,Marion County
FL,12085,6,0.6666666666666666,0.86,Martin County
FL,12086,136,0.7941176470588235,0.7948303715670436,Miami-Dade County
FL,12087,9,0.6666666666666666,0.7631578947368421,Monroe County
FL,12089,9,0.6666666666666666,0.8207547169811321,Nassau County
FL,12091,10,0.6,0.8333333333333334,Okaloosa County
FL,12093,3,0.3333333333333333,0.5294117647058824,Okeechobee County
FL,12095,137,0.8029197080291971,0.8423127463863338,Orange County
FL,12097,77,0.8311688311688312,0.8099352051835853,Osceola County
FL,12099,94,0.8085106382978723,0.8525345622119815,Palm Beach County
FL,12101,61,0.9180327868852459,0.896551724,Pasco County
FL,12103,48,0.875,0.8526315789473684,Pinellas County
FL,12105,142,0.7887323943661971,0.7963855421686747,Polk County
FL,12107,2,0.5,0.5952380952380952,Putnam County
FL,12109,31,0.9354838709677419,0.9026128266033254,St. Johns County
FL,12111,45,0.7555555555555555,0.8664850136239782,St. Lucie County
FL,12113,8,0.875,0.8692307692307693,Santa Rosa County
FL,12115,28,0.8928571428571429,0.8947368421052632,Sarasota County
FL,12117,30,0.7,0.8860294117647058,Seminole County
FL,12119,9,1,0.8738738738738738,Sumter County
FL,12121,2,0.5,0.3448275862068966,Suwannee County
FL,12123,1,0,0.5,Taylor County
FL,12125,1,1,0.8333333333333334,Union County
FL,12127,49,0.7346938775510204,0.8568181818181818,Volusia County
FL,12129,1,1,0.8947368421052632,Wakulla County
FL,12131,17,0.7058823529411765,0.8012820512820513,Walton County
FL,12133,2,0.5,0.6666666666666666,Washington County
GA,13001,2,0.5,0.75,Appling County
GA,13009,3,0.6666666666666666,0.8,Baldwin County
GA,13011,2,1,0.8,Banks County
GA,13013,11,0.7272727272727273,0.9166666666666666,Barrow County
GA,13015,9,0.8888888888888888,0.8064516129032258,Bartow County
GA,13019,3,0.6666666666666666,0.8333333333333334,Berrien County
GA,13021,4,0.5,0.9666666666666667,Bibb County
GA,13029,2,0.5,0.8493150684931506,Bryan County
GA,13031,1,0,0.875,Bulloch County
GA,13033,1,1,0.8,Burke County
GA,13039,4,1,0.9347826086956522,Camden County
GA,13043,1,0,0.4,Candler County
GA,13045,5,1,0.8297872340425532,Carroll County
GA,13047,3,1,0.8857142857142857,Catoosa County
GA,13051,26,0.8461538461538461,0.8913043478260869,Chatham County
GA,13055,2,1,0.6,Chattooga County
GA,13057,17,1,0.9382022471910112,Cherokee County
GA,13059,3,0.6666666666666666,0.8666666666666667,Clarke County
GA,13063,5,1,0.8947368421052632,Clayton County
GA,13067,41,0.975609756,0.9122807017543859,Cobb County
GA,13069,2,0,0.7142857142857143,Coffee County
GA,13073,3,1,0.9308176100628931,Columbia County
GA,13075,1,1,0.75,Cook County
GA,13077,8,0.875,0.9464285714285714,Coweta County
GA,13085,2,1,0.8333333333333334,Dawson County
GA,13089,66,0.8636363636363636,0.9466292134831461,DeKalb County
GA,13097,11,0.9090909090909091,0.8163265306122449,Douglas County
GA,13099,1,1,0,Early County
GA,13103,3,1,0.8245614035087719,Effingham County
GA,13111,4,1,0.6,Fannin County
GA,13113,18,0.9444444444444444,0.9120879120879121,Fayette County
GA,13115,3,1,0.9142857142857143,Floyd County
GA,13117,13,1,0.92,Forsyth County
GA,13121,95,0.8736842105263158,0.8850325379609545,Fulton County
GA,13123,7,1,1,Gilmer County
GA,13127,2,0.5,0.5666666666666667,Glynn County
GA,13129,4,1,0.875,Gordon County
GA,13133,1,1,1,Greene County
GA,13135,61,0.8360655737704918,0.9069264069264069,Gwinnett County
GA,13137,2,1,0.75,Habersham County
GA,13139,9,0.6666666666666666,0.8494623655913979,Hall County
GA,13143,1,1,0.625,Haralson County
GA,13145,2,0.5,0.8260869565217391,Harris County
GA,13149,1,1,0.75,Heard County
GA,13151,13,0.8461538461538461,0.8333333333333334,Henry County
GA,13153,10,0.9,0.918918919,Houston County
GA,13157,3,1,0.9344262295081968,Jackson County
GA,13159,1,0,0.8181818181818182,Jasper County
GA,13169,1,1,0.6923076923076923,Jones County
GA,13171,4,0.25,0.75,Lamar County
GA,13175,3,0.6666666666666666,0.6923076923076923,Laurens County
GA,13177,2,0,1,Lee County
GA,13179,9,0.8888888888888888,0.8909090909090909,Liberty County
GA,13183,2,1,0.9354838709677419,Long County
GA,13185,2,1,0.875,Lowndes County
GA,13191,1,1,1,McIntosh County
GA,13195,1,0,0.6923076923076923,Madison County
GA,13197,1,1,1,Marion County
GA,13199,2,0.5,0.7692307692307693,Meriwether County
GA,13205,1,1,0.6666666666666666,Mitchell County
GA,13211,1,1,0.8333333333333334,Morgan County
GA,13213,2,0.5,1,Murray County
GA,13215,4,1,0.9516129032258065,Muscogee County
GA,13217,11,0.8181818181818182,0.9069767441860465,Newton County
GA,13219,1,1,0.9130434782608695,Oconee County
GA,13223,7,1,0.9067796610169492,Paulding County
GA,13227,2,0.5,0.9130434782608695,Pickens County
GA,13231,1,1,1,Pike County
GA,13233,4,0.5,0.65,Polk County
GA,13237,1,1,0.7692307692307693,Putnam County
GA,13241,1,1,0.8,Rabun County
GA,13245,16,0.875,0.8115942028985508,Richmond County
GA,13247,11,0.8181818181818182,0.8125,Rockdale County
GA,13255,4,1,0.8108108108108109,Spalding County
GA,13257,3,1,0.6666666666666666,Stephens County
GA,13261,1,0,0.46153846153846156,Sumter County
GA,13275,1,1,0.5714285714285714,Thomas County
GA,13277,1,1,0.6666666666666666,Tift County
GA,13283,1,0,0,Treutlen County
GA,13285,4,0.5,0.7777777777777778,Troup County
GA,13291,3,0.3333333333333333,0.8571428571428571,Union County
GA,13295,3,1,0.6060606060606061,Walker County
GA,13297,6,1,0.796875,Walton County
GA,13299,4,0.75,0.75,Ware County
GA,13305,1,1,0.5,Wayne County
GA,13311,4,0.75,0.8,White County
GA,13313,3,1,0.8666666666666667,Whitfield County
HI,15001,25,0.92,0.8650519031141869,Hawaii County
HI,15003,93,0.8924731182795699,0.8983382209188661,Honolulu County
HI,15007,6,0.8333333333333334,0.953125,Kauai County
HI,15009,22,0.8636363636363636,0.91,Maui County
IA,19013,1,1,0.9534883720930233,Black Hawk County
IA,19015,1,1,1,Boone County
IA,19039,1,0,1,Clarke County
IA,19049,9,0.6666666666666666,0.9222222222222223,Dallas County
IA,19059,1,1,0.6666666666666666,Dickinson County
IA,19061,2,0.5,0.9393939393939394,Dubuque County
IA,19073,1,1,1,Greene County
IA,19079,1,1,1,Hamilton County
IA,19087,1,1,1,Henry County
IA,19097,2,0.5,0.5,Jackson County
IA,19101,1,1,1,Jefferson County
IA,19103,18,1,0.9903846153846154,Johnson County
IA,19113,6,1,0.9225352112676056,Linn County
IA,19117,1,1,1,Lucas County
IA,19121,3,0.3333333333333333,0.8333333333333334,Madison County
IA,19123,1,1,0.8,Mahaska County
IA,19125,1,1,0.6666666666666666,Marion County
IA,19145,1,1,1,Page County
IA,19153,26,0.8461538461538461,0.939799331,Polk County
IA,19155,1,0,0.8709677419354839,Pottawattamie County
IA,19163,9,1,0.9540229885057471,Scott County
IA,19169,4,1,0.8709677419354839,Story County
IA,19181,2,0.5,0.9354838709677419,Warren County
IA,19183,1,1,1,Washington County
IA,19193,1,1,0.96875,Woodbury County
ID,16001,49,0.9183673469387755,0.9377777777777778,Ada County
ID,16005,1,1,0.925,Bannock County
ID,16009,2,1,1,Benewah County
ID,16011,1,1,0.8,Bingham County
ID,16013,1,1,1,Blaine County
ID,16017,3,1,0.9090909090909091,Bonner County
ID,16019,7,1,0.9047619047619048,Bonneville County
ID,16023,1,0,0.5,Butte County
ID,16027,21,1,0.9320987654320988,Canyon County
ID,16031,4,1,1,Cassia County
ID,16039,2,1,0.9629629629629629,Elmore County
ID,16045,2,1,1,Gem County
ID,16051,2,1,0.9333333333333333,Jefferson County
ID,16055,11,1,0.9719626168224299,Kootenai County
ID,16057,1,1,1,Latah County
ID,16059,1,1,1,Lemhi County
ID,16065,1,1,0.8235294117647058,Madison County
ID,16067,1,1,1,Minidoka County
ID,16069,3,0.6666666666666666,0.9615384615384616,Nez Perce County
ID,16071,2,1,1,Oneida County
ID,16081,2,1,0.7777777777777778,Teton County
ID,16083,5,0.8,0.896551724,Twin Falls County
IL,17001,1,1,0.8571428571428571,Adams County
IL,17007,1,1,0.75,Boone County
IL,17015,1,1,0.6666666666666666,Carroll County
IL,17019,16,0.9375,0.9074074074074074,Champaign County
IL,17021,2,1,0.5,Christian County
IL,17027,1,1,0.8,Clinton County
IL,17031,383,0.8798955613577023,0.9328984156570364,Cook County
IL,17037,2,0.5,0.8205128205128205,DeKalb County
IL,17043,41,0.9024390243902439,0.9386892177589852,DuPage County
IL,17049,3,1,1,Effingham County
IL,17055,1,1,0.6666666666666666,Franklin County
IL,17057,1,1,1,Fulton County
IL,17063,2,0.5,0.9,Grundy County
IL,17077,1,0,0.9285714285714286,Jackson County
IL,17085,2,1,1,Jo Daviess County
IL,17089,28,0.8571428571428571,0.94,Kane County
IL,17091,3,0.6666666666666666,0.875,Kankakee County
IL,17093,13,0.9230769230769231,0.8888888888888888,Kendall County
IL,17097,36,0.8333333333333334,0.9026315789473685,Lake County
IL,17099,4,1,1,LaSalle County
IL,17103,1,1,1,Lee County
IL,17105,2,1,0.8,Livingston County
IL,17111,7,1,0.9202898550724637,McHenry County
IL,17113,9,1,0.935064935,McLean County
IL,17115,3,1,0.7586206896551724,Macon County
IL,17117,1,0,0.8,Macoupin County
IL,17119,9,0.7777777777777778,0.9423076923076923,Madison County
IL,17121,2,0.5,0.8,Marion County
IL,17129,1,1,0.6,Menard County
IL,17131,2,0.5,0.6666666666666666,Mercer County
IL,17133,2,1,0.8,Monroe County
IL,17137,2,1,0.8,Morgan County
IL,17143,5,0.8,0.9358974358974359,Peoria County
IL,17147,1,1,1,Piatt County
IL,17161,5,1,0.9107142857142857,Rock Island County
IL,17163,13,1,0.8689655172413793,St. Clair County
IL,17165,1,0,1,Saline County
IL,17167,7,0.2857142857142857,0.8714285714285714,Sangamon County
IL,17177,1,1,0.6666666666666666,Stephenson County
IL,17179,8,1,0.9411764705882353,Tazewell County
IL,17181,1,1,0.5,Union County
IL,17195,2,0.5,0.8333333333333334,Whiteside County
IL,17197,45,0.9111111111111111,0.912751678,Will County
IL,17199,3,1,0.8095238095238095,Williamson County
IL,17201,9,1,0.9647058823529412,Winnebago County
IN,18001,1,1,0.75,Adams County
IN,18003,15,0.6666666666666666,0.8978494623655914,Allen County
IN,18005,3,0.6666666666666666,0.8648648648648649,Bartholomew County
IN,18011,1,1,0.9591836734693877,Boone County
IN,18015,1,1,1,Carroll County
IN,18017,1,1,0.6,Cass County
IN,18019,8,0.5,0.9102564102564102,Clark County
IN,18021,2,0.5,0.6666666666666666,Clay County
IN,18023,1,1,1,Clinton County
IN,18027,1,1,0,Daviess County
IN,18029,1,1,0.9230769230769231,Dearborn County
IN,18031,1,1,0.875,Decatur County
IN,18033,1,1,0.38461538461538464,DeKalb County
IN,18035,3,1,1,Delaware County
IN,18039,10,0.9,0.9594594594594594,Elkhart County
IN,18043,7,0.7142857142857143,0.9230769230769231,Floyd County
IN,18045,1,1,1,Fountain County
IN,18049,1,1,1,Fulton County
IN,18051,1,1,0.8888888888888888,Gibson County
IN,18057,17,1,0.9314079422382672,Hamilton County
IN,18059,4,1,0.8783783783783784,Hancock County
IN,18063,8,0.875,0.8979591836734694,Hendricks County
IN,18065,1,1,1,Henry County
IN,18067,3,1,0.8,Howard County
IN,18069,1,1,0.8571428571428571,Huntington County
IN,18077,2,0.5,0.8571428571428571,Jefferson County
IN,18081,13,0.7692307692307693,0.8588235294117647,Johnson County
IN,18085,1,1,0.8666666666666667,Kosciusko County
IN,18087,2,1,0.8333333333333334,LaGrange County
IN,18089,20,0.95,0.9299363057324841,Lake County
IN,18091,3,0.3333333333333333,0.9142857142857143,LaPorte County
IN,18093,4,0.75,0.875,Lawrence County
IN,18095,3,0.3333333333333333,0.9038461538461539,Madison County
IN,18097,63,0.9523809523809523,0.927360775,Marion County
IN,18099,1,1,0.8,Marshall County
IN,18103,3,0.6666666666666666,0,Miami County
IN,18105,6,0.8333333333333334,0.8767123287671232,Monroe County
IN,18109,2,0.5,0.9,Morgan County
IN,18127,5,1,0.9253731343283582,Porter County
IN,18129,1,1,0.5,Posey County
IN,18135,1,1,1,Randolph County
IN,18141,10,1,0.9166666666666666,St. Joseph County
IN,18143,4,0.75,0.5555555555555556,Scott County
IN,18145,1,1,0.75,Shelby County
IN,18149,1,1,1,Starke County
IN,18157,14,0.9285714285714286,0.9113924050632911,Tippecanoe County
IN,18163,6,1,0.9342105263157895,Vanderburgh County
IN,18167,4,0.75,0.9,Vigo County
IN,18169,2,1,1,Wabash County
IN,18173,1,1,1,Warrick County
IN,18175,1,1,1,Washington County
IN,18177,1,1,0.8095238095238095,Wayne County
IN,18183,1,1,1,Whitley County
KS,20015,3,1,0.8571428571428571,Butler County
KS,20035,1,1,0.8333333333333334,Cowley County
KS,20037,1,1,0.9285714285714286,Crawford County
KS,20045,11,0.9090909090909091,0.922077922,Douglas County
KS,20055,2,0.5,0.8,Finney County
KS,20061,3,1,0.8529411764705882,Geary County
KS,20077,1,0,0.5,Harper County
KS,20079,1,1,1,Harvey County
KS,20085,1,0,1,Jackson County
KS,20087,2,1,0.6,Jefferson County
KS,20091,22,0.9545454545454546,0.9518987341772152,Johnson County
KS,20103,2,1,0.7916666666666666,Leavenworth County
KS,20113,2,1,1,McPherson County
KS,20155,3,1,0.7894736842105263,Reno County
KS,20161,3,1,0.8444444444444444,Riley County
KS,20173,28,0.8214285714285714,0.8730650154798761,Sedgwick County
KS,20177,4,0.5,0.9041095890410958,Shawnee County
KS,20209,11,0.9090909090909091,0.8421052631578947,Wyandotte County
KY,21005,1,0,1,Anderson County
KY,21007,1,1,0,Ballard County
KY,21013,1,0,0.3333333333333333,Bell County
KY,21015,7,0.8571428571428571,0.9027777777777778,Boone County
KY,21019,1,1,0.7142857142857143,Boyd County
KY,21025,2,0.5,0,Breathitt County
KY,21027,1,1,0.875,Breckinridge County
KY,21029,6,0.8333333333333334,0.8205128205128205,Bullitt County
KY,21033,1,1,0.6666666666666666,Caldwell County
KY,21037,7,0.5714285714285714,0.8636363636363636,Campbell County
KY,21047,1,1,0.8333333333333334,Christian County
KY,21049,1,1,0.7142857142857143,Clark County
KY,21059,5,1,0.875,Daviess County
KY,21067,10,0.9,0.9174311926605505,Fayette County
KY,21069,1,1,0.25,Fleming County
KY,21071,1,0,0.42857142857142855,Floyd County
KY,21073,1,1,0.9047619047619048,Franklin County
KY,21079,2,0,0.625,Garrard County
KY,21081,2,1,0.5555555555555556,Grant County
KY,21085,1,1,0.8571428571428571,Grayson County
KY,21089,2,0.5,0.875,Greenup County
KY,21093,2,1,0.8142857142857143,Hardin County
KY,21095,1,0,0.125,Harlan County
KY,21097,2,0.5,0.6,Harrison County
KY,21101,1,1,0.6666666666666666,Henderson County
KY,21107,2,1,0.6153846153846154,Hopkins County
KY,21111,39,0.9487179487179487,0.8888888888888888,Jefferson County
KY,21113,2,0,0.875,Jessamine County
KY,21117,8,0.75,0.9139784946236559,Kenton County
KY,21125,1,0,0.5625,Laurel County
KY,21145,1,1,0.75,McCracken County
KY,21151,1,0,0.8108108108108109,Madison County
KY,21173,1,1,0.7,Montgomery County
KY,21179,2,1,0.75,Nelson County
KY,21185,5,1,0.9696969696969697,Oldham County
KY,21191,1,1,0.8,Pendleton County
KY,21193,2,0,0.625,Perry County
KY,21207,2,0,0.5,Russell County
KY,21209,1,0,0.8214285714285714,Scott County
KY,21211,2,0.5,0.8888888888888888,Shelby County
KY,21221,1,1,0.7,Trigg County
KY,21227,4,1,0.9090909090909091,Warren County
KY,21231,1,1,0.6666666666666666,Wayne County
KY,21235,2,1,0.75,Whitley County
LA,22001,4,0.5,0.4,Acadia Parish
LA,22005,5,0.8,0.7272727272727273,Ascension Parish
LA,22009,1,1,0.8181818181818182,Avoyelles Parish
LA,22011,1,1,0.7058823529411765,Beauregard Parish
LA,22013,7,0.14285714285714285,0.2,Bienville Parish
LA,22015,7,0.8571428571428571,0.8160919540229885,Bossier Parish
LA,22017,4,0.75,0.6307692307692307,Caddo Parish
LA,22019,4,0.75,0.7333333333333333,Calcasieu Parish
LA,22029,1,0,0.5,Concordia Parish
LA,22033,20,0.9,0.8852459016393442,East Baton Rouge Parish
LA,22037,4,0.25,1,East Feliciana Parish
LA,22051,13,0.9230769230769231,0.8823529411764706,Jefferson Parish
LA,22055,17,0.47058823529411764,0.7552447552447552,Lafayette Parish
LA,22057,4,1,0.6808510638297872,Lafourche Parish
LA,22061,1,0,0.75,Lincoln Parish
LA,22063,8,0.75,0.7380952380952381,Livingston Parish
LA,22071,23,0.9130434782608695,0.8461538461538461,Orleans Parish
LA,22073,7,0.8571428571428571,0.7407407407407407,Ouachita Parish
LA,22077,1,0,0.16666666666666666,Pointe Coupee Parish
LA,22079,6,0.5,0.6086956521739131,Rapides Parish
LA,22087,4,0.75,0.8,St. Bernard Parish
LA,22089,2,1,0.5454545454545454,St. Charles Parish
LA,22091,3,0,0.5,St. Helena Parish
LA,22095,1,1,0.7142857142857143,St. John the Baptist Parish
LA,22097,1,1,0.5428571428571428,St. Landry Parish
LA,22099,2,0,0.4090909090909091,St. Martin Parish
LA,22101,1,1,0.26666666666666666,St. Mary Parish
LA,22103,13,0.9230769230769231,0.8333333333333334,St. Tammany Parish
LA,22105,8,0.125,0.618421053,Tangipahoa Parish
LA,22109,2,0.5,0.5609756097560976,Terrebonne Parish
LA,22115,1,1,0.7142857142857143,Vernon Parish
LA,22117,1,0,0.5,Washington Parish
MA,25001,33,0.9696969696969697,0.8865979381443299,Barnstable County
MA,25003,6,0.8333333333333334,0.9387755102040817,Berkshire County
MA,25005,41,0.7804878048780488,0.8901515151515151,Bristol County
MA,25009,50,0.92,0.946031746,Essex County
MA,25011,5,0.8,0.9444444444444444,Franklin County
MA,25013,45,0.9555555555555556,0.9101123595505618,Hampden County
MA,25015,16,0.9375,0.9538461538461539,Hampshire County
MA,25017,84,0.9047619047619048,0.9619852164730729,Middlesex County
MA,25021,34,0.8529411764705882,0.9384965831435079,Norfolk County
MA,25023,32,0.875,0.9292035398230089,Plymouth County
MA,25025,73,0.95890411,0.9026548672566371,Suffolk County
MA,25027,56,0.9285714285714286,0.9311163895486936,Worcester County
MD,24001,1,1,1,Allegany County
MD,24003,37,0.8378378378378378,0.9074889867841409,Anne Arundel County
MD,24005,48,0.8958333333333334,0.9315960912052117,Baltimore County
MD,24009,3,1,0.9302325581395349,Calvert County
MD,24011,2,0.5,0.75,Caroline County
MD,24013,4,1,0.941747573,Carroll County
MD,24015,8,1,0.8863636363636364,Cecil County
MD,24017,12,0.6666666666666666,0.9212598425196851,Charles County
MD,24019,4,0.75,0.6923076923076923,Dorchester County
MD,24021,15,0.9333333333333333,0.9064748201438849,Frederick County
MD,24023,2,1,0.96,Garrett County
MD,24025,7,0.5714285714285714,0.9323308270676691,Harford County
MD,24027,20,0.95,0.9134948096885813,Howard County
MD,24031,79,0.9113924050632911,0.9510664993726474,Montgomery County
MD,24033,67,0.8656716417910447,0.918429003,Prince George's County
MD,24035,3,1,0.8536585365853658,Queen Anne's County
MD,24037,7,0.8571428571428571,0.9047619047619048,St. Mary's County
MD,24039,1,1,0.8181818181818182,Somerset County
MD,24041,1,1,0.8461538461538461,Talbot County
MD,24043,12,0.75,0.9041095890410958,Washington County
MD,24045,9,0.8888888888888888,0.8974358974358975,Wicomico County
MD,24047,9,0.8888888888888888,0.8490566037735849,Worcester County
MD,24510,36,0.8888888888888888,0.918918919,Baltimore city
ME,23001,4,1,0.8285714285714286,Androscoggin County
ME,23003,1,1,0.8333333333333334,Aroostook County
ME,23005,10,0.9,0.9618320610687023,Cumberland County
ME,23009,1,1,1,Hancock County
ME,23011,3,1,0.9743589743589743,Kennebec County
ME,23013,6,0.8333333333333334,0.8333333333333334,Knox County
ME,23015,2,0.5,0.6923076923076923,Lincoln County
ME,23017,4,1,0.6666666666666666,Oxford County
ME,23019,5,0.8,0.925,Penobscot County
ME,23023,1,1,0.9285714285714286,Sagadahoc County
ME,23027,1,1,0.9285714285714286,Waldo County
ME,23031,10,0.9,0.8541666666666666,York County
MI,26005,8,0.625,0.7704918032786885,Allegan County
MI,26007,2,1,1,Alpena County
MI,26009,2,1,0.75,Antrim County
MI,26015,4,1,0.9032258064516129,Barry County
MI,26017,2,1,0.8846153846153846,Bay County
MI,26021,9,0.8888888888888888,0.953125,Berrien County
MI,26025,6,0.8333333333333334,0.8636363636363636,Calhoun County
MI,26027,1,1,1,Cass County
MI,26029,1,1,0.7142857142857143,Charlevoix County
MI,26031,1,0,1,Cheboygan County
MI,26033,1,1,0.8571428571428571,Chippewa County
MI,26037,1,1,0.7708333333333334,Clinton County
MI,26041,1,1,0.5,Delta County
MI,26045,5,1,0.7608695652173914,Eaton County
MI,26049,12,0.9166666666666666,0.8297872340425532,Genesee County
MI,26051,1,1,0.8,Gladwin County
MI,26055,5,0.6,0.8,Grand Traverse County
MI,26063,1,0,1,Huron County
MI,26065,15,1,0.8243243243243243,Ingham County
MI,26067,1,1,0.6818181818181818,Ionia County
MI,26069,1,1,0.8333333333333334,Iosco County
MI,26071,1,1,0.6666666666666666,Iron County
MI,26073,4,0.75,0.72,Isabella County
MI,26075,7,0.5714285714285714,0.7846153846153846,Jackson County
MI,26077,23,0.5652173913043478,0.8085106382978723,Kalamazoo County
MI,26079,3,1,1,Kalkaska County
MI,26081,42,0.7380952380952381,0.8885714285714286,Kent County
MI,26087,1,1,0.9473684210526315,Lapeer County
MI,26091,2,1,0.7906976744186046,Lenawee County
MI,26093,6,1,0.8524590163934426,Livingston County
MI,26099,44,0.8863636363636364,0.8888888888888888,Macomb County
MI,26103,1,1,1,Marquette County
MI,26105,1,1,0.8,Mason County
MI,26107,1,0,1,Mecosta County
MI,26115,6,0.6666666666666666,0.8333333333333334,Monroe County
MI,26117,2,1,0.9545454545454546,Montcalm County
MI,26121,10,0.9,0.8536585365853658,Muskegon County
MI,26123,2,0.5,0.8,Newaygo County
MI,26125,53,0.8490566037735849,0.9107505070993914,Oakland County
MI,26133,1,0,0.75,Osceola County
MI,26137,2,1,1,Otsego County
MI,26139,13,0.6923076923076923,0.8609271523178808,Ottawa County
MI,26143,3,0.6666666666666666,1,Roscommon County
MI,26145,6,0.5,0.9117647058823529,Saginaw County
MI,26147,3,1,0.8974358974358975,St. Clair County
MI,26151,3,1,0.5454545454545454,Sanilac County
MI,26155,4,0.75,0.9411764705882353,Shiawassee County
MI,26159,7,0.7142857142857143,0.88,Van Buren County
MI,26161,28,0.8928571428571429,0.9180327868852459,Washtenaw County
MI,26163,70,0.8142857142857143,0.8233890214797136,Wayne County
MN,27003,26,0.9230769230769231,0.9453125,Anoka County
MN,27009,1,1,0.9230769230769231,Benton County
MN,27013,2,1,0.8461538461538461,Blue Earth County
MN,27017,2,0.5,0.8235294117647058,Carlton County
MN,27019,2,1,0.9253731343283582,Carver County
MN,27025,2,0,0.8888888888888888,Chisago County
MN,27027,1,1,0.9032258064516129,Clay County
MN,27035,1,1,0.875,Crow Wing County
MN,27037,38,0.8421052631578947,0.9253246753246753,Dakota County
MN,27039,3,1,0.75,Dodge County
MN,27043,1,1,1,Faribault County
MN,27049,2,1,0.9166666666666666,Goodhue County
MN,27053,97,0.9278350515463918,0.9601406799531067,Hennepin County
MN,27055,1,1,1,Houston County
MN,27059,3,1,0.9473684210526315,Isanti County
MN,27091,1,1,1,Martin County
MN,27095,1,1,0.5833333333333334,Mille Lacs County
MN,27099,1,1,0.7777777777777778,Mower County
MN,27103,4,0.5,0.8888888888888888,Nicollet County
MN,27107,1,1,1,Norman County
MN,27109,4,1,0.9655172413793104,Olmsted County
MN,27115,2,1,1,Pine County
MN,27117,1,1,1,Pipestone County
MN,27123,36,0.9444444444444444,0.9315960912052117,Ramsey County
MN,27131,1,0,0.8461538461538461,Rice County
MN,27137,9,0.8888888888888888,0.9824561403508771,St. Louis County
MN,27139,7,0.8571428571428571,0.963963964,Scott County
MN,27141,8,0.75,0.84375,Sherburne County
MN,27145,2,0,0.9534883720930233,Stearns County
MN,27147,3,0.3333333333333333,1,Steele County
MN,27153,1,1,1,Todd County
MN,27163,14,0.9285714285714286,0.9295154185022027,Washington County
MN,27169,2,1,0.95,Winona County
MN,27171,8,0.875,0.8877551020408163,Wright County
MO,29001,2,1,1,Adair County
MO,29007,1,1,1,Audrain County
MO,29009,1,1,0.75,Barry County
MO,29013,1,1,0.75,Bates County
MO,29019,5,0.6,0.9438202247191011,Boone County
MO,29021,2,1,0.7916666666666666,Buchanan County
MO,29023,1,0,1,Butler County
MO,29029,5,0.8,0.9333333333333333,Camden County
MO,29031,3,1,1,Cape Girardeau County
MO,29037,6,0.6666666666666666,0.8666666666666667,Cass County
MO,29043,2,1,0.8615384615384616,Christian County
MO,29047,14,1,0.9324324324324325,Clay County
MO,29049,1,1,0.625,Clinton County
MO,29051,4,1,0.8928571428571429,Cole County
MO,29055,1,1,1,Crawford County
MO,29059,1,0,0.8,Dallas County
MO,29071,1,1,0.9583333333333334,Franklin County
MO,29077,9,0.8888888888888888,0.9230769230769231,Greene County
MO,29085,1,0,0.8,Hickory County
MO,29091,1,0,0.8,Howell County
MO,29095,28,0.8928571428571429,0.9243243243243243,Jackson County
MO,29097,5,0.4,0.9242424242424242,Jasper County
MO,29099,7,0.8571428571428571,0.8470588235294118,Jefferson County
MO,29101,3,1,0.8918918918918919,Johnson County
MO,29105,1,1,0.7222222222222222,Laclede County
MO,29113,1,0,0.6,Lincoln County
MO,29119,1,0,0.7142857142857143,McDonald County
MO,29121,1,1,1,Macon County
MO,29127,1,1,1,Marion County
MO,29141,1,0,0.75,Morgan County
MO,29145,1,1,0.7560975609756098,Newton County
MO,29159,1,1,1,Pettis County
MO,29161,1,1,0.75,Phelps County
MO,29165,7,0.8571428571428571,0.8846153846153846,Platte County
MO,29169,3,1,0.8695652173913043,Pulaski County
MO,29175,1,0,1,Randolph County
MO,29183,8,1,0.9285714285714286,St. Charles County
MO,29189,27,1,0.9358024691358025,St. Louis County
MO,29195,1,1,0.8333333333333334,Saline County
MO,29201,5,1,0.5,Scott County
MO,29207,2,1,0.6,Stoddard County
MO,29209,1,1,0.9333333333333333,Stone County
MO,29213,2,1,0.9411764705882353,Taney County
MO,29229,1,1,1,Wright County
MO,29510,26,1,0.9280575539568345,St. Louis city
MS,28003,2,0.5,0.75,Alcorn County
MS,28017,2,0.5,0.3333333333333333,Chickasaw County
MS,28033,6,0.8333333333333334,0.9130434782608695,DeSoto County
MS,28035,2,1,0.5625,Forrest County
MS,28047,14,0.5,0.8115942028985508,Harrison County
MS,28049,2,1,0.6896551724137931,Hinds County
MS,28059,6,1,0.8840579710144928,Jackson County
MS,28065,1,0,0.25,Jefferson Davis County
MS,28067,1,1,0.6818181818181818,Jones County
MS,28071,3,0.6666666666666666,0.75,Lafayette County
MS,28073,3,0,0.8,Lamar County
MS,28075,2,1,0.9285714285714286,Lauderdale County
MS,28077,1,0,1,Lawrence County
MS,28081,3,1,0.7692307692307693,Lee County
MS,28087,2,1,0.9444444444444444,Lowndes County
MS,28089,1,0,0.9032258064516129,Madison County
MS,28099,1,0,0.6666666666666666,Neshoba County
MS,28105,6,0,0.75,Oktibbeha County
MS,28107,1,0,0.8333333333333334,Panola County
MS,28113,1,1,0.4,Pike County
MS,28121,4,1,0.7758620689655172,Rankin County
MS,28127,1,1,0.7,Simpson County
MS,28129,2,0.5,0.2857142857142857,Smith County
MS,28135,1,0,1,Tallahatchie County
MS,28145,1,0,0.2,Union County
MS,28153,1,0,1,Wayne County
MS,28155,1,1,0.3333333333333333,Webster County
MS,28163,1,0,0,Yazoo County
MT,30003,1,0,1,Big Horn County
MT,30013,2,0.5,0.84,Cascade County
MT,30021,1,1,1,Dawson County
MT,30027,1,1,1,Fergus County
MT,30029,9,0.7777777777777778,0.85,Flathead County
MT,30031,2,1,0.9508196721311475,Gallatin County
MT,30043,1,1,0.8888888888888888,Jefferson County
MT,30047,1,0,0.8333333333333334,Lake County
MT,30049,2,1,0.8125,Lewis and Clark County
MT,30057,1,1,1,Madison County
MT,30061,1,0,0.8,Mineral County
MT,30063,6,0.8333333333333334,0.8163265306122449,Missoula County
MT,30065,2,0.5,0.5,Musselshell County
MT,30067,1,1,0.7777777777777778,Park County
MT,30077,1,0,1,Powell County
MT,30093,2,1,0.8888888888888888,Silver Bow County
MT,30095,1,1,0.5,Stillwater County
MT,30111,16,0.875,0.8924731182795699,Yellowstone County
NC,37001,3,1,0.9259259259259259,Alamance County
NC,37009,1,1,0.8,Ashe County
NC,37011,2,1,1,Avery County
NC,37013,1,1,0.6842105263157895,Beaufort County
NC,37019,10,0.8,0.8248587570621468,Brunswick County
NC,37021,30,0.8333333333333334,0.7884615384615384,Buncombe County
NC,37023,4,0.75,0.8888888888888888,Burke County
NC,37025,16,0.875,0.9324324324324325,Cabarrus County
NC,37027,3,1,0.7586206896551724,Caldwell County
NC,37031,1,1,0.9791666666666666,Carteret County
NC,37035,6,1,0.8909090909090909,Catawba County
NC,37037,8,1,0.9054054054054054,Chatham County
NC,37045,4,0.5,0.8163265306122449,Cleveland County
NC,37047,1,0,0.3448275862068966,Columbus County
NC,37049,4,0.75,0.84,Craven County
NC,37051,26,0.7307692307692307,0.8686868686868687,Cumberland County
NC,37053,3,1,0.9574468085106383,Currituck County
NC,37055,6,0.6666666666666666,0.92,Dare County
NC,37057,4,0.75,0.8857142857142857,Davidson County
NC,37059,1,1,0.7857142857142857,Davie County
NC,37061,4,0.25,0.6666666666666666,Duplin County
NC,37063,33,0.8787878787878788,0.9484536082474226,Durham County
NC,37065,2,0.5,0.5833333333333334,Edgecombe County
NC,37067,12,0.8333333333333334,0.9047619047619048,Forsyth County
NC,37069,7,0.8571428571428571,0.90625,Franklin County
NC,37071,9,1,0.8819444444444444,Gaston County
NC,37077,4,0.75,0.9736842105263158,Granville County
NC,37081,25,0.76,0.9020408163265307,Guilford County
NC,37083,1,1,0.46153846153846156,Halifax County
NC,37085,13,0.8461538461538461,0.901840491,Harnett County
NC,37087,4,1,0.8,Haywood County
NC,37089,3,0.6666666666666666,0.8387096774193549,Henderson County
NC,37093,3,1,0.8939393939393939,Hoke County
NC,37097,10,0.7,0.89,Iredell County
NC,37099,1,1,0.7428571428571429,Jackson County
NC,37101,8,0.875,0.9248826291079812,Johnston County
NC,37105,3,1,0.8409090909090909,Lee County
NC,37107,2,0.5,0.7222222222222222,Lenoir County
NC,37109,4,0.75,0.8214285714285714,Lincoln County
NC,37111,3,1,1,McDowell County
NC,37113,2,1,0.7894736842105263,Macon County
NC,37115,3,1,1,Madison County
NC,37117,1,1,0.6666666666666666,Martin County
NC,37119,72,0.9027777777777778,0.9260450160771704,Mecklenburg County
NC,37123,4,0.5,0.7222222222222222,Montgomery County
NC,37125,3,1,0.9278350515463918,Moore County
NC,37127,5,0.8,0.7647058823529411,Nash County
NC,37129,12,1,0.9407407407407408,New Hanover County
NC,37131,1,0,0.8,Northampton County
NC,37133,17,0.8235294117647058,0.8838174273858921,Onslow County
NC,37135,11,0.9090909090909091,0.8977272727272727,Orange County
NC,37137,1,1,0.6666666666666666,Pamlico County
NC,37139,1,1,0.7941176470588235,Pasquotank County
NC,37141,7,0.8571428571428571,0.8852459016393442,Pender County
NC,37145,1,1,0.7692307692307693,Person County
NC,37147,5,0.8,0.8625,Pitt County
NC,37149,3,1,1,Polk County
NC,37151,5,0.8,0.673469388,Randolph County
NC,37153,2,1,0.68,Richmond County
NC,37155,10,0.3,0.4444444444444444,Robeson County
NC,37157,5,0.8,0.7352941176470589,Rockingham County
NC,37159,11,0.8181818181818182,0.7719298245614035,Rowan County
NC,37161,2,1,0.7692307692307693,Rutherford County
NC,37163,1,0,0.8333333333333334,Sampson County
NC,37165,2,0.5,0.5789473684210527,Scotland County
NC,37167,2,1,0.8421052631578947,Stanly County
NC,37169,2,1,0.7894736842105263,Stokes County
NC,37171,1,1,0.72,Surry County
NC,37173,1,1,0.7857142857142857,Swain County
NC,37175,2,1,0.8461538461538461,Transylvania County
NC,37177,1,0,1,Tyrrell County
NC,37179,22,0.9545454545454546,0.9171270718232044,Union County
NC,37181,2,1,0.8181818181818182,Vance County
NC,37183,75,0.9333333333333333,0.9390103567318757,Wake County
NC,37189,2,1,0.9259259259259259,Watauga County
NC,37191,3,1,0.78,Wayne County
NC,37193,2,1,0.6521739130434783,Wilkes County
NC,37195,3,1,0.8275862068965517,Wilson County
NC,37197,2,0.5,0.625,Yadkin County
NC,37199,1,1,1,Yancey County
ND,38015,1,0,0.9655172413793104,Burleigh County
ND,38017,3,0.3333333333333333,0.9875,Cass County
ND,38035,1,1,0.9428571428571428,Grand Forks County
ND,38059,1,1,1,Morton County
ND,38061,1,1,1,Mountrail County
ND,38099,1,1,1,Walsh County
ND,38101,3,1,0.9655172413793104,Ward County
NE,31001,1,1,0.8571428571428571,Adams County
NE,31011,1,1,0.5,Boone County
NE,31019,1,1,1,Buffalo County
NE,31025,5,0.8,1,Cass County
NE,31043,1,1,1,Dakota County
NE,31047,1,1,1,Dawson County
NE,31055,28,0.9285714285714286,0.9258160237388724,Douglas County
NE,31079,3,1,1,Hall County
NE,31089,1,1,1,Holt County
NE,31109,15,0.6666666666666666,0.9503105590062112,Lancaster County
NE,31111,1,1,1,Lincoln County
NE,31141,1,1,1,Platte County
NE,31153,5,1,0.9488636363636364,Sarpy County
NE,31185,1,1,1,York County
NH,33001,1,1,0.8695652173913043,Belknap County
NH,33003,4,1,0.9047619047619048,Carroll County
NH,33005,4,1,0.8,Cheshire County
NH,33009,5,0.6,0.868421053,Grafton County
NH,33011,23,0.8695652173913043,0.9015544041450777,Hillsborough County
NH,33013,7,0.7142857142857143,0.9206349206349206,Merrimack County
NH,33015,14,0.7857142857142857,0.8978102189781022,Rockingham County
NH,33017,11,0.8181818181818182,0.8888888888888888,Strafford County
NH,33019,3,1,0.8571428571428571,Sullivan County
NJ,34001,19,0.8947368421052632,0.9026548672566371,Atlantic County
NJ,34003,54,0.9074074074074074,0.9080717488789237,Bergen County
NJ,34005,37,0.8918918918918919,0.8841698841698842,Burlington County
NJ,34007,33,0.8787878787878788,0.8869565217391304,Camden County
NJ,34009,5,1,0.9107142857142857,Cape May County
NJ,34011,8,0.875,0.8947368421052632,Cumberland County
NJ,34013,44,0.9090909090909091,0.9129032258064517,Essex County
NJ,34015,11,0.7272727272727273,0.8571428571428571,Gloucester County
NJ,34017,30,0.8,0.8624161073825504,Hudson County
NJ,34019,4,0.75,0.918918919,Hunterdon County
NJ,34021,19,0.8947368421052632,0.8931297709923665,Mercer County
NJ,34023,48,0.7708333333333334,0.8575757575757575,Middlesex County
NJ,34025,26,0.8846153846153846,0.902834008,Monmouth County
NJ,34027,35,0.8285714285714286,0.95,Morris County
NJ,34029,32,0.8125,0.8939393939393939,Ocean County
NJ,34031,27,0.8518518518518519,0.8908045977011494,Passaic County
NJ,34033,4,1,0.9615384615384616,Salem County
NJ,34035,28,0.8571428571428571,0.9285714285714286,Somerset County
NJ,34037,16,0.875,0.8831168831168831,Sussex County
NJ,34039,36,0.8333333333333334,0.9336099585062241,Union County
NJ,34041,6,0.6666666666666666,0.8490566037735849,Warren County
NM,35001,72,0.7777777777777778,0.8832997987927566,Bernalillo County
NM,35005,3,0.6666666666666666,0.6071428571428571,Chaves County
NM,35006,1,1,0.6153846153846154,Cibola County
NM,35009,5,0.6,0.8846153846153846,Curry County
NM,35013,18,0.4444444444444444,0.8035714285714286,Do√êa Ana County
NM,35015,1,1,0.7619047619047619,Eddy County
NM,35025,3,0.6666666666666666,0.8421052631578947,Lea County
NM,35027,4,1,0.6521739130434783,Lincoln County
NM,35028,1,1,0.7619047619047619,Los Alamos County
NM,35029,1,1,0.8,Luna County
NM,35031,5,0.4,0.7741935483870968,McKinley County
NM,35035,8,0.75,0.8148148148148148,Otero County
NM,35039,3,0.6666666666666666,0.6111111111111112,Rio Arriba County
NM,35041,2,1,0.8181818181818182,Roosevelt County
NM,35043,14,0.6428571428571429,0.9078947368421053,Sandoval County
NM,35045,2,1,0.7611940298507462,San Juan County
NM,35047,3,0.3333333333333333,0.8461538461538461,San Miguel County
NM,35049,15,0.8,0.83,Santa Fe County
NM,35051,1,1,0.7777777777777778,Sierra County
NM,35055,3,0.6666666666666666,0.7894736842105263,Taos County
NM,35057,1,0,0.5454545454545454,Torrance County
NM,35061,5,0.4,0.8947368421052632,Valencia County
NV,32001,3,1,0.9230769230769231,Churchill County
NV,32003,306,0.8529411764705882,0.8945525291828794,Clark County
NV,32005,3,1,1,Douglas County
NV,32007,1,0,0.8695652173913043,Elko County
NV,32019,14,0.7857142857142857,0.9012345679012346,Lyon County
NV,32023,7,0.8571428571428571,0.9038461538461539,Nye County
NV,32031,47,0.9361702127659575,0.9004524886877828,Washoe County
NV,32033,1,1,0.8,White Pine County
NV,32510,3,1,0.8333333333333334,Carson City
NY,36001,21,0.8571428571428571,0.9256198347107438,Albany County
NY,36005,31,0.8064516129032258,0.7931034482758621,Bronx County
NY,36007,4,0.75,0.8936170212765957,Broome County
NY,36009,1,1,0.8695652173913043,Cattaraugus County
NY,36011,1,1,0.9285714285714286,Cayuga County
NY,36013,2,0.5,0.8695652173913043,Chautauqua County
NY,36015,6,1,0.8285714285714286,Chemung County
NY,36017,3,0.6666666666666666,0.6666666666666666,Chenango County
NY,36019,1,1,0.5294117647058824,Clinton County
NY,36021,7,0.8571428571428571,0.8571428571428571,Columbia County
NY,36023,2,0.5,0.8571428571428571,Cortland County
NY,36025,1,1,0.9285714285714286,Delaware County
NY,36027,33,0.8787878787878788,0.88125,Dutchess County
NY,36029,37,0.8648648648648649,0.8904109589041096,Erie County
NY,36031,2,1,0.8571428571428571,Essex County
NY,36033,1,1,0.5555555555555556,Franklin County
NY,36035,1,1,0.631578947,Fulton County
NY,36037,1,1,0.875,Genesee County
NY,36039,9,0.6666666666666666,0.9615384615384616,Greene County
NY,36041,1,1,0.5,Hamilton County
NY,36043,1,0,0.8571428571428571,Herkimer County
NY,36045,5,1,0.8974358974358975,Jefferson County
NY,36047,99,0.8484848484848485,0.9261744966442953,Kings County
NY,36049,2,1,1,Lewis County
NY,36053,1,1,0.9166666666666666,Madison County
NY,36055,33,0.9393939393939394,0.9425837320574163,Monroe County
NY,36057,2,1,0.8125,Montgomery County
NY,36059,80,0.85,0.8850325379609545,Nassau County
NY,36061,82,0.9146341463414634,0.8964346349745331,New York County
NY,36063,8,0.75,0.896551724,Niagara County
NY,36065,4,0.75,0.8529411764705882,Oneida County
NY,36067,15,0.6666666666666666,0.9142857142857143,Onondaga County
NY,36069,1,1,0.8888888888888888,Ontario County
NY,36071,28,0.8928571428571429,0.8835978835978836,Orange County
NY,36073,2,0.5,0.5833333333333334,Orleans County
NY,36075,2,0.5,0.9545454545454546,Oswego County
NY,36077,1,1,0.5625,Otsego County
NY,36079,6,0.8333333333333334,0.9122807017543859,Putnam County
NY,36081,83,0.8313253012048193,0.8793969849246231,Queens County
NY,36083,5,1,0.9565217391304348,Rensselaer County
NY,36085,21,0.8571428571428571,0.8846153846153846,Richmond County
NY,36087,17,0.8235294117647058,0.8771929824561403,Rockland County
NY,36091,9,0.8888888888888888,0.8333333333333334,Saratoga County
NY,36093,6,0.8333333333333334,0.9014084507042254,Schenectady County
NY,36095,1,1,0.7777777777777778,Schoharie County
NY,36097,1,1,1,Schuyler County
NY,36101,2,0.5,0.8888888888888888,Steuben County
NY,36103,87,0.8620689655172413,0.9120135363790186,Suffolk County
NY,36105,10,0.8,0.8596491228070176,Sullivan County
NY,36109,5,1,0.9285714285714286,Tompkins County
NY,36111,19,0.9473684210526315,0.8706896551724138,Ulster County
NY,36113,4,1,0.8636363636363636,Warren County
NY,36115,1,0,0.7272727272727273,Washington County
NY,36117,2,1,0.8888888888888888,Wayne County
NY,36119,49,0.8163265306122449,0.9384920634920635,Westchester County
NY,36123,2,0.5,0.8571428571428571,Yates County
OH,39003,2,0,1,Allen County
OH,39005,2,1,1,Ashland County
OH,39007,1,0,0.75,Ashtabula County
OH,39009,3,0.6666666666666666,0.7777777777777778,Athens County
OH,39011,1,0,1,Auglaize County
OH,39015,2,1,0.8571428571428571,Brown County
OH,39017,9,0.8888888888888888,0.8689655172413793,Butler County
OH,39021,1,1,0.7692307692307693,Champaign County
OH,39023,2,0.5,0.9487179487179487,Clark County
OH,39025,7,0.8571428571428571,0.8481012658227848,Clermont County
OH,39027,2,1,0.7647058823529411,Clinton County
OH,39029,4,1,0.8333333333333334,Columbiana County
OH,39031,1,1,1,Coshocton County
OH,39033,1,1,0.8333333333333334,Crawford County
OH,39035,55,0.8181818181818182,0.9037974683544304,Cuyahoga County
OH,39041,13,0.9230769230769231,0.9285714285714286,Delaware County
OH,39045,4,0.75,0.8539325842696629,Fairfield County
OH,39047,1,1,0.6666666666666666,Fayette County
OH,39049,75,0.88,0.9228295819935691,Franklin County
OH,39051,1,1,0.8888888888888888,Fulton County
OH,39055,1,0,0.9583333333333334,Geauga County
OH,39057,6,1,0.926829268,Greene County
OH,39059,1,1,0.6,Guernsey County
OH,39061,36,0.9166666666666666,0.9328859060402684,Hamilton County
OH,39063,1,1,0.7931034482758621,Hancock County
OH,39065,1,1,0.8571428571428571,Hardin County
OH,39069,2,0.5,0.75,Henry County
OH,39071,2,0.5,0.875,Highland County
OH,39073,1,1,0.7777777777777778,Hocking County
OH,39081,2,1,0.875,Jefferson County
OH,39083,1,0,0.9090909090909091,Knox County
OH,39085,5,1,0.8958333333333334,Lake County
OH,39087,1,1,0.9090909090909091,Lawrence County
OH,39089,15,0.7333333333333333,0.8295454545454546,Licking County
OH,39093,7,0.8571428571428571,0.9456521739130435,Lorain County
OH,39095,24,0.7916666666666666,0.9022556390977443,Lucas County
OH,39097,3,1,0.8181818181818182,Madison County
OH,39099,5,0.8,0.9459459459459459,Mahoning County
OH,39103,3,1,0.9433962264150944,Medina County
OH,39109,2,1,0.9705882352941176,Miami County
OH,39113,30,0.9333333333333333,0.9330543933054394,Montgomery County
OH,39117,1,1,1,Morrow County
OH,39119,1,1,0.92,Muskingum County
OH,39121,1,1,1,Noble County
OH,39125,1,1,1,Paulding County
OH,39129,2,1,0.8787878787878788,Pickaway County
OH,39133,8,0.75,0.9722222222222222,Portage County
OH,39139,3,1,0.78125,Richland County
OH,39141,1,1,0.9285714285714286,Ross County
OH,39143,3,0.6666666666666666,0.9,Sandusky County
OH,39147,1,1,0.75,Seneca County
OH,39149,1,1,1,Shelby County
OH,39151,5,1,0.898876404,Stark County
OH,39153,17,0.8235294117647058,0.9337748344370861,Summit County
OH,39155,6,1,0.8529411764705882,Trumbull County
OH,39157,1,0,1,Tuscarawas County
OH,39159,6,0.8333333333333334,0.921875,Union County
OH,39165,5,0.8,0.963963964,Warren County
OH,39167,1,0,1,Washington County
OH,39171,1,1,0.9090909090909091,Williams County
OH,39173,3,0.6666666666666666,0.8421052631578947,Wood County
OK,40011,2,0,0.5,Blaine County
OK,40013,6,1,0.7764705882352941,Bryan County
OK,40017,14,0.8571428571428571,0.9020979020979021,Canadian County
OK,40019,2,1,0.75,Carter County
OK,40021,4,0.75,0.8311688311688312,Cherokee County
OK,40023,1,0,0.7692307692307693,Choctaw County
OK,40027,16,0.8125,0.878419453,Cleveland County
OK,40031,10,0.9,0.912,Comanche County
OK,40033,1,0,0.8,Cotton County
OK,40035,1,0,0.5909090909090909,Craig County
OK,40037,2,1,0.7407407407407407,Creek County
OK,40041,1,1,0.7528089887640449,Delaware County
OK,40047,3,1,0.8846153846153846,Garfield County
OK,40051,3,1,0.8210526315789474,Grady County
OK,40065,4,0.75,0.9,Jackson County
OK,40071,1,1,0.8913043478260869,Kay County
OK,40081,6,0.3333333333333333,0.673469388,Lincoln County
OK,40083,2,1,0.7951807228915663,Logan County
OK,40087,5,0.8,0.7721518987341772,McClain County
OK,40089,6,1,0.6363636363636364,McCurtain County
OK,40097,2,1,0.7142857142857143,Mayes County
OK,40099,2,0.5,0.64,Murray County
OK,40101,4,0.75,0.8076923076923077,Muskogee County
OK,40109,50,0.94,0.8976744186046511,Oklahoma County
OK,40111,1,0,0.5164835164835165,Okmulgee County
OK,40113,5,0.6,0.7142857142857143,Osage County
OK,40115,1,1,0.8518518518518519,Ottawa County
OK,40117,1,0,0.5789473684210527,Pawnee County
OK,40119,2,1,0.8524590163934426,Payne County
OK,40121,1,1,0.7446808510638298,Pittsburg County
OK,40123,4,1,0.8860759493670886,Pontotoc County
OK,40125,5,0.8,0.8279569892473119,Pottawatomie County
OK,40131,12,0.9166666666666666,0.8324873096446701,Rogers County
OK,40133,2,0.5,0.5652173913043478,Seminole County
OK,40135,5,0.4,0.6521739130434783,Sequoyah County
OK,40137,2,0.5,0.6444444444444445,Stephens County
OK,40143,50,0.86,0.8933518005540166,Tulsa County
OK,40145,6,0.6666666666666666,0.839572193,Wagoner County
OK,40147,5,1,0.8076923076923077,Washington County
OR,41003,4,0.75,0.9402985074626866,Benton County
OR,41005,29,0.896551724,0.9320843091334895,Clackamas County
OR,41007,3,1,0.9333333333333333,Clatsop County
OR,41009,5,1,0.9473684210526315,Columbia County
OR,41011,2,0.5,0.8918918918918919,Coos County
OR,41013,1,1,0.8235294117647058,Crook County
OR,41017,9,0.7777777777777778,0.9223300970873787,Deschutes County
OR,41019,4,1,0.8507462686567164,Douglas County
OR,41025,1,0,1,Harney County
OR,41029,15,0.8666666666666667,0.935672515,Jackson County
OR,41031,5,0.8,0.9583333333333334,Jefferson County
OR,41033,6,1,0.9636363636363636,Josephine County
OR,41035,1,1,0.8461538461538461,Klamath County
OR,41039,27,0.8148148148148148,0.9368421052631579,Lane County
OR,41041,5,1,0.8085106382978723,Lincoln County
OR,41043,10,0.9,0.8316831683168316,Linn County
OR,41047,27,0.9259259259259259,0.9224806201550387,Marion County
OR,41051,130,0.9230769230769231,0.9253731343283582,Multnomah County
OR,41053,9,0.8888888888888888,0.9714285714285714,Polk County
OR,41057,5,1,0.9230769230769231,Tillamook County
OR,41059,5,1,0.9024390243902439,Umatilla County
OR,41067,39,0.9230769230769231,0.9306260575296108,Washington County
OR,41071,8,0.625,0.8811881188118812,Yamhill County
PA,42001,4,0.75,0.8620689655172413,Adams County
PA,42003,46,0.8260869565217391,0.930585683,Allegheny County
PA,42007,9,0.8888888888888888,0.9555555555555556,Beaver County
PA,42011,21,0.8571428571428571,0.8319327731092437,Berks County
PA,42013,4,1,0.8125,Blair County
PA,42015,1,0,0.875,Bradford County
PA,42017,34,0.7647058823529411,0.9473684210526315,Bucks County
PA,42019,1,1,0.9583333333333334,Butler County
PA,42021,1,1,0.7619047619047619,Cambria County
PA,42025,4,1,0.8709677419354839,Carbon County
PA,42027,2,1,1,Centre County
PA,42029,22,0.9545454545454546,0.927038627,Chester County
PA,42031,1,1,1,Clarion County
PA,42033,1,0,1,Clearfield County
PA,42035,2,1,0.6666666666666666,Clinton County
PA,42037,1,1,0.7142857142857143,Columbia County
PA,42041,9,0.5555555555555556,0.8,Cumberland County
PA,42043,10,0.9,0.7870370370370371,Dauphin County
PA,42045,19,0.7894736842105263,0.9291666666666667,Delaware County
PA,42047,1,1,0.5,Elk County
PA,42049,9,1,0.9347826086956522,Erie County
PA,42051,3,0.3333333333333333,0.8888888888888888,Fayette County
PA,42055,5,0.8,0.8333333333333334,Franklin County
PA,42069,6,1,0.9444444444444444,Lackawanna County
PA,42071,19,0.9473684210526315,0.8277777777777777,Lancaster County
PA,42073,2,1,0.9375,Lawrence County
PA,42075,9,0.8888888888888888,0.9019607843137255,Lebanon County
PA,42077,17,0.7647058823529411,0.8709677419354839,Lehigh County
PA,42079,11,1,0.8732394366197183,Luzerne County
PA,42081,1,1,0.9444444444444444,Lycoming County
PA,42085,2,1,0.8333333333333334,Mercer County
PA,42089,18,0.8333333333333334,0.8543689320388349,Monroe County
PA,42091,35,0.9142857142857143,0.9413265306122449,Montgomery County
PA,42095,16,0.9375,0.9166666666666666,Northampton County
PA,42097,4,1,0.8461538461538461,Northumberland County
PA,42101,71,0.9154929577464789,0.9035639412997903,Philadelphia County
PA,42103,12,0.9166666666666666,0.9545454545454546,Pike County
PA,42105,1,1,1,Potter County
PA,42107,1,1,0.9545454545454546,Schuylkill County
PA,42111,1,1,0.7692307692307693,Somerset County
PA,42117,1,1,1,Tioga County
PA,42121,1,1,0.6666666666666666,Venango County
PA,42123,1,1,1,Warren County
PA,42125,5,0.8,0.8260869565217391,Washington County
PA,42127,2,0.5,0.9047619047619048,Wayne County
PA,42129,4,0.75,0.8873239436619719,Westmoreland County
PA,42131,1,1,1,Wyoming County
PA,42133,17,0.8235294117647058,0.8724489795918368,York County
RI,44003,10,0.7,0.87,Kent County
RI,44005,4,1,0.9259259259259259,Newport County
RI,44007,50,0.82,0.8776223776223776,Providence County
RI,44009,6,1,0.8947368421052632,Washington County
SC,45001,1,0,0.3333333333333333,Abbeville County
SC,45003,10,0.7,0.8875,Aiken County
SC,45007,14,0.7142857142857143,0.7472527472527473,Anderson County
SC,45013,17,0.8823529411764706,0.8137931034482758,Beaufort County
SC,45015,20,0.85,0.8249027237354085,Berkeley County
SC,45019,23,0.8695652173913043,0.9090909090909091,Charleston County
SC,45021,1,0,0.7,Cherokee County
SC,45023,3,1,1,Chester County
SC,45025,4,0.75,0.64,Chesterfield County
SC,45027,1,0,0.42857142857142855,Clarendon County
SC,45029,2,0.5,0.5882352941176471,Colleton County
SC,45031,3,1,0.6428571428571429,Darlington County
SC,45033,1,1,0.47619047619047616,Dillon County
SC,45035,9,1,0.8515625,Dorchester County
SC,45039,1,1,0.8571428571428571,Fairfield County
SC,45041,4,0.75,0.7192982456140351,Florence County
SC,45043,4,1,0.7916666666666666,Georgetown County
SC,45045,30,0.7333333333333333,0.8674242424242424,Greenville County
SC,45047,3,1,1,Greenwood County
SC,45051,44,0.7272727272727273,0.8141361256544503,Horry County
SC,45053,5,0.4,0.75,Jasper County
SC,45055,4,1,0.7872340425531915,Kershaw County
SC,45057,4,0.25,0.8144329896907216,Lancaster County
SC,45059,4,0,0.7714285714285715,Laurens County
SC,45061,1,1,1,Lee County
SC,45063,15,0.8666666666666667,0.8134328358208955,Lexington County
SC,45073,2,1,0.825,Oconee County
SC,45075,6,0.5,0.5625,Orangeburg County
SC,45077,4,1,0.734375,Pickens County
SC,45079,25,0.84,0.9197860962566845,Richland County
SC,45081,1,1,0.6666666666666666,Saluda County
SC,45083,18,0.7222222222222222,0.7990196078431373,Spartanburg County
SC,45085,1,1,0.8823529411764706,Sumter County
SC,45087,1,1,0.5,Union County
SC,45089,3,0.6666666666666666,0.2857142857142857,Williamsburg County
SC,45091,22,0.8636363636363636,0.9095022624434389,York County
SD,46033,1,1,1,Custer County
SD,46035,1,1,1,Davison County
SD,46081,2,0.5,0.9166666666666666,Lawrence County
SD,46083,4,1,0.9761904761904762,Lincoln County
SD,46093,4,0.5,1,Meade County
SD,46099,5,1,0.9469026548672567,Minnehaha County
SD,46103,5,1,0.9176470588235294,Pennington County
TN,47001,4,0.25,0.813953488,Anderson County
TN,47003,2,1,0.875,Bedford County
TN,47009,8,0.875,0.8125,Blount County
TN,47011,1,1,0.7454545454545455,Bradley County
TN,47013,1,1,1,Campbell County
TN,47019,3,1,0.7142857142857143,Carter County
TN,47021,1,1,0.8571428571428571,Cheatham County
TN,47025,1,0,0.4166666666666667,Claiborne County
TN,47029,4,0.25,0.6923076923076923,Cocke County
TN,47031,1,1,0.7777777777777778,Coffee County
TN,47037,54,0.8703703703703703,0.9132791327913279,Davidson County
TN,47041,1,1,0.75,DeKalb County
TN,47049,3,0.3333333333333333,1,Fentress County
TN,47051,2,0.5,1,Franklin County
TN,47053,2,1,0.9230769230769231,Gibson County
TN,47059,2,1,0.7407407407407407,Greene County
TN,47063,2,1,0.8636363636363636,Hamblen County
TN,47065,25,0.84,0.9073170731707317,Hamilton County
TN,47069,2,0.5,1,Hardeman County
TN,47073,2,1,0.9,Hawkins County
TN,47077,1,1,0.7142857142857143,Henderson County
TN,47083,1,0,0.6666666666666666,Houston County
TN,47087,1,1,1,Jackson County
TN,47089,2,1,0.7241379310344828,Jefferson County
TN,47093,19,0.8421052631578947,0.8653061224489796,Knox County
TN,47103,1,1,0.5625,Lincoln County
TN,47105,1,1,0.925,Loudon County
TN,47107,1,0,0.6666666666666666,McMinn County
TN,47113,1,0,0.6551724137931034,Madison County
TN,47115,1,0,1,Marion County
TN,47117,2,1,0.7333333333333333,Marshall County
TN,47119,4,1,0.9166666666666666,Maury County
TN,47123,6,0.5,0.6470588235294118,Monroe County
TN,47125,24,0.9166666666666666,0.917910448,Montgomery County
TN,47131,4,1,0.6666666666666666,Obion County
TN,47141,1,1,0.6428571428571429,Putnam County
TN,47143,2,0.5,0.7857142857142857,Rhea County
TN,47145,1,1,0.825,Roane County
TN,47147,2,1,0.8043478260869565,Robertson County
TN,47149,19,0.8421052631578947,0.8894009216589862,Rutherford County
TN,47153,1,0,1,Sequatchie County
TN,47155,23,0.8260869565217391,0.8349514563106796,Sevier County
TN,47157,27,0.8518518518518519,0.9109311740890689,Shelby County
TN,47159,2,0,0.8,Smith County
TN,47163,4,0.75,0.8064516129032258,Sullivan County
TN,47165,4,0.75,0.948905109,Sumner County
TN,47167,2,1,0.9,Tipton County
TN,47169,2,0.5,0.7142857142857143,Trousdale County
TN,47173,3,1,1,Union County
TN,47175,1,1,0.5,Van Buren County
TN,47179,6,0.6666666666666666,0.8653846153846154,Washington County
TN,47183,1,1,1,Weakley County
TN,47185,1,0,0.75,White County
TN,47187,12,0.8333333333333334,0.9207317073170732,Williamson County
TN,47189,8,0.875,0.9312977099236641,Wilson County
TX,48001,3,0.6666666666666666,0.5666666666666667,Anderson County
TX,48003,1,1,0.7777777777777778,Andrews County
TX,48005,3,0.3333333333333333,0.78125,Angelina County
TX,48007,2,0.5,0.8529411764705882,Aransas County
TX,48013,7,0.42857142857142855,0.6938775510204082,Atascosa County
TX,48015,3,0,0.75,Austin County
TX,48019,2,0.5,0.8076923076923077,Bandera County
TX,48021,19,0.6842105263157895,0.8506493506493507,Bastrop County
TX,48027,30,0.7,0.9149659863945578,Bell County
TX,48029,175,0.8342857142857143,0.8769230769230769,Bexar County
TX,48031,1,1,0.9333333333333333,Blanco County
TX,48035,2,1,0.8181818181818182,Bosque County
TX,48037,5,0.6,0.6140350877192983,Bowie County
TX,48039,26,0.8076923076923077,0.8424242424242424,Brazoria County
TX,48041,21,0.9047619047619048,0.7926829268292683,Brazos County
TX,48049,2,1,0.8947368421052632,Brown County
TX,48051,2,0.5,0.8125,Burleson County
TX,48053,3,0.6666666666666666,0.803921569,Burnet County
TX,48055,5,0.8,0.6923076923076923,Caldwell County
TX,48057,1,0,0.8888888888888888,Calhoun County
TX,48061,7,0.7142857142857143,0.8783783783783784,Cameron County
TX,48067,1,0,0.7391304347826086,Cass County
TX,48071,4,0.75,0.7796610169491526,Chambers County
TX,48073,1,1,0.6785714285714286,Cherokee County
TX,48085,91,0.8351648351648352,0.8898450946643718,Collin County
TX,48087,1,1,0.5,Collingsworth County
TX,48089,1,1,0.6153846153846154,Colorado County
TX,48091,19,0.6842105263157895,0.8962264150943396,Comal County
TX,48097,1,1,1,Cooke County
TX,48099,12,0.8333333333333334,0.86,Coryell County
TX,48111,1,0,1,Dallam County
TX,48113,198,0.8333333333333334,0.873405299,Dallas County
TX,48117,1,0,0.8888888888888888,Deaf Smith County
TX,48121,96,0.875,0.9007506255212677,Denton County
TX,48123,1,1,0.65,DeWitt County
TX,48131,1,1,0,Duval County
TX,48135,17,0.7647058823529411,0.6285714285714286,Ector County
TX,48139,13,1,0.8305647840531561,Ellis County
TX,48141,24,0.875,0.8747346072186837,El Paso County
TX,48143,2,1,0.9090909090909091,Erath County
TX,48145,1,0,0.3333333333333333,Falls County
TX,48149,1,1,0.5789473684210527,Fayette County
TX,48151,5,0,0,Fisher County
TX,48157,87,0.7011494252873564,0.8783783783783784,Fort Bend County
TX,48165,1,1,0.5454545454545454,Gaines County
TX,48167,33,0.8181818181818182,0.9034267912772586,Galveston County
TX,48175,1,0,0.75,Goliad County
TX,48179,1,1,1,Gray County
TX,48181,5,1,0.8376623376623377,Grayson County
TX,48183,4,0.75,0.7741935483870968,Gregg County
TX,48185,3,0.6666666666666666,0.6521739130434783,Grimes County
TX,48187,10,0.7,0.8848484848484849,Guadalupe County
TX,48199,3,0.6666666666666666,0.5555555555555556,Hardin County
TX,48201,266,0.7744360902255639,0.8789308176100629,Harris County
TX,48203,3,1,0.7931034482758621,Harrison County
TX,48209,42,0.9523809523809523,0.8857808857808858,Hays County
TX,48213,18,0.4444444444444444,0.676923077,Henderson County
TX,48215,23,0.782608696,0.8347107438016529,Hidalgo County
TX,48217,2,0.5,0.8421052631578947,Hill County
TX,48221,2,0.5,0.6909090909090909,Hood County
TX,48223,1,0,0.7692307692307693,Hopkins County
TX,48225,1,1,0.5,Houston County
TX,48227,2,0.5,0.8,Howard County
TX,48231,5,0.6,0.8571428571428571,Hunt County
TX,48239,1,1,0.7142857142857143,Jackson County
TX,48241,1,0,0.47058823529411764,Jasper County
TX,48245,9,0.5555555555555556,0.9242424242424242,Jefferson County
TX,48249,1,0,0.75,Jim Wells County
TX,48251,19,0.5789473684210527,0.788135593,Johnson County
TX,48253,3,0.6666666666666666,0.5454545454545454,Jones County
TX,48255,1,1,1,Karnes County
TX,48257,48,0.7916666666666666,0.8614958448753463,Kaufman County
TX,48259,2,1,0.9107142857142857,Kendall County
TX,48265,3,0.6666666666666666,0.7586206896551724,Kerr County
TX,48273,4,0.75,1,Kleberg County
TX,48277,1,1,0.7647058823529411,Lamar County
TX,48281,1,1,0.625,Lampasas County
TX,48287,2,0.5,0.7,Lee County
TX,48291,22,0.5,0.44715447154471544,Liberty County
TX,48293,2,0.5,0.5384615384615384,Limestone County
TX,48299,1,0,0.6666666666666666,Llano County
TX,48303,20,0.65,0.8737373737373737,Lubbock County
TX,48309,18,0.8333333333333334,0.8571428571428571,McLennan County
TX,48315,2,0,0.6,Marion County
TX,48321,1,0,0.6666666666666666,Matagorda County
TX,48325,6,0.6666666666666666,0.8028169014084507,Medina County
TX,48329,6,0.3333333333333333,0.8026315789473685,Midland County
TX,48331,3,0.6666666666666666,0.7142857142857143,Milam County
TX,48337,4,0.5,0.7142857142857143,Montague County
TX,48339,64,0.71875,0.8678815489749431,Montgomery County
TX,48341,2,0,0.8,Moore County
TX,48347,1,1,0.8947368421052632,Nacogdoches County
TX,48349,5,0.2,0.6857142857142857,Navarro County
TX,48351,4,0,0.4,Newton County
TX,48353,1,1,0.8,Nolan County
TX,48355,20,0.7,0.8862745098039215,Nueces County
TX,48361,4,0.75,0.6410256410256411,Orange County
TX,48363,3,1,0.5925925925925926,Palo Pinto County
TX,48365,1,1,0.7777777777777778,Panola County
TX,48367,17,0.7647058823529411,0.8533333333333334,Parker County
TX,48371,1,0,0.75,Pecos County
TX,48373,1,1,0.5882352941176471,Polk County
TX,48375,9,0.6666666666666666,0.7818181818181819,Potter County
TX,48379,1,1,0.8,Rains County
TX,48381,14,0.8571428571428571,0.8502994011976048,Randall County
TX,48397,12,0.8333333333333334,0.8986175115207373,Rockwall County
TX,48399,1,0,0,Runnels County
TX,48401,1,1,0.6538461538461539,Rusk County
TX,48407,3,0.6666666666666666,0.4782608695652174,San Jacinto County
TX,48415,1,0,1,Scurry County
TX,48423,16,0.8125,0.8076923076923077,Smith County
TX,48425,1,1,0.625,Somervell County
TX,48439,156,0.8910256410256411,0.8920415224913495,Tarrant County
TX,48441,3,0.6666666666666666,0.8925619834710744,Taylor County
TX,48445,2,0.5,1,Terry County
TX,48451,4,0.75,0.8955223880597015,Tom Green County
TX,48453,150,0.86,0.892770106,Travis County
TX,48455,3,0,0,Trinity County
TX,48459,4,0.75,0.76,Upshur County
TX,48465,3,0.3333333333333333,1,Val Verde County
TX,48467,2,0,0.6,Van Zandt County
TX,48469,6,0.16666666666666666,0.7192982456140351,Victoria County
TX,48471,3,1,0.8043478260869565,Walker County
TX,48473,11,0.8181818181818182,0.842519685,Waller County
TX,48477,2,1,0.5,Washington County
TX,48479,7,0.7142857142857143,0.75,Webb County
TX,48481,1,1,0.3333333333333333,Wharton County
TX,48485,4,0.75,0.8865979381443299,Wichita County
TX,48491,108,0.8240740740740741,0.9077380952380952,Williamson County
TX,48493,1,0,0.8307692307692308,Wilson County
TX,48497,7,0.8571428571428571,0.7333333333333333,Wise County
TX,48499,3,0.6666666666666666,0.6060606060606061,Wood County
UT,49003,2,1,1,Box Elder County
UT,49005,3,1,0.9152542372881356,Cache County
UT,49011,32,0.875,0.9072164948453608,Davis County
UT,49019,1,1,1,Grand County
UT,49021,5,1,0.8703703703703703,Iron County
UT,49023,2,1,1,Juab County
UT,49025,3,1,0.8,Kane County
UT,49027,1,1,0.5,Millard County
UT,49035,96,0.84375,0.9049479166666666,Salt Lake County
UT,49037,1,1,1,San Juan County
UT,49039,3,0.6666666666666666,1,Sanpete County
UT,49043,6,0.8333333333333334,0.6730769230769231,Summit County
UT,49045,12,0.8333333333333334,0.8725490196078431,Tooele County
UT,49047,1,1,0.8636363636363636,Uintah County
UT,49049,68,0.8970588235294118,0.9230769230769231,Utah County
UT,49051,3,1,0.9302325581395349,Wasatch County
UT,49053,16,0.9375,0.9264705882352942,Washington County
UT,49057,29,0.8275862068965517,0.8926829268292683,Weber County
VA,51001,3,0.6666666666666666,0.9230769230769231,Accomack County
VA,51003,4,0.75,0.9381443298969072,Albemarle County
VA,51007,1,0,0.5714285714285714,Amelia County
VA,51009,1,1,0.7058823529411765,Amherst County
VA,51013,14,1,0.9580838323353293,Arlington County
VA,51015,2,1,0.6666666666666666,Augusta County
VA,51029,2,1,0.4444444444444444,Buckingham County
VA,51031,4,1,0.8055555555555556,Campbell County
VA,51033,5,1,0.8387096774193549,Caroline County
VA,51036,1,1,0.4444444444444444,Charles City County
VA,51041,32,0.875,0.9093959731543624,Chesterfield County
VA,51043,3,1,0.9166666666666666,Clarke County
VA,51047,1,1,1,Culpeper County
VA,51049,1,1,0.42857142857142855,Cumberland County
VA,51057,2,1,0.5,Essex County
VA,51059,82,0.9390243902439024,0.9515981735159817,Fairfax County
VA,51061,6,1,0.9180327868852459,Fauquier County
VA,51065,3,1,0.8333333333333334,Fluvanna County
VA,51067,3,1,0.9,Franklin County
VA,51069,3,1,0.8831168831168831,Frederick County
VA,51073,1,1,0.8695652173913043,Gloucester County
VA,51075,5,1,0.8461538461538461,Goochland County
VA,51077,1,1,0.5,Grayson County
VA,51079,1,1,0.8181818181818182,Greene County
VA,51083,1,0,0.6666666666666666,Halifax County
VA,51085,6,1,0.9117647058823529,Hanover County
VA,51087,16,0.875,0.9738562091503268,Henrico County
VA,51089,3,0.3333333333333333,1,Henry County
VA,51093,2,1,1,Isle of Wight County
VA,51095,3,1,0.9295774647887324,James City County
VA,51099,7,1,0.8620689655172413,King George County
VA,51101,2,1,1,King William County
VA,51103,1,1,0.9166666666666666,Lancaster County
VA,51107,32,0.84375,0.9237875288683602,Loudoun County
VA,51109,2,1,0.918918919,Louisa County
VA,51117,1,1,0.7777777777777778,Mecklenburg County
VA,51119,1,1,1,Middlesex County
VA,51121,3,0.6666666666666666,1,Montgomery County
VA,51127,4,1,0.90625,New Kent County
VA,51131,1,1,1,Northampton County
VA,51137,4,0.5,0.9310344827586207,Orange County
VA,51139,2,1,1,Page County
VA,51141,1,1,1,Patrick County
VA,51143,1,1,1,Pittsylvania County
VA,51147,2,0.5,0.7142857142857143,Prince Edward County
VA,51149,2,0,0.8888888888888888,Prince George County
VA,51153,42,0.9285714285714286,0.9330453563714903,Prince William County
VA,51161,4,1,0.9230769230769231,Roanoke County
VA,51165,2,1,0.7777777777777778,Rockingham County
VA,51171,5,0.8,1,Shenandoah County
VA,51175,1,1,1,Southampton County
VA,51177,14,1,0.9181286549707602,Spotsylvania County
VA,51179,11,0.9090909090909091,0.9082125603864735,Stafford County
VA,51181,1,1,1,Surry County
VA,51185,2,1,0.8571428571428571,Tazewell County
VA,51187,4,1,0.9166666666666666,Warren County
VA,51191,1,0,0.8888888888888888,Washington County
VA,51199,1,1,0.9642857142857143,York County
VA,51510,14,1,0.9316239316239316,Alexandria city
VA,51540,1,1,1,Charlottesville city
VA,51550,26,0.8076923076923077,0.9529914529914529,Chesapeake city
VA,51570,4,1,0.9,Colonial Heights city
VA,51620,1,1,0.6666666666666666,Franklin city
VA,51630,3,1,1,Fredericksburg city
VA,51650,15,0.9333333333333333,0.945054945,Hampton city
VA,51660,5,0.8,1,Harrisonburg city
VA,51670,4,1,0.8333333333333334,Hopewell city
VA,51680,3,1,0.8888888888888888,Lynchburg city
VA,51683,5,0.8,0.8888888888888888,Manassas city
VA,51685,1,1,1,Manassas Park city
VA,51690,1,1,1,Martinsville city
VA,51700,13,0.9230769230769231,0.8762886597938144,Newport News city
VA,51710,20,0.8,0.934640523,Norfolk city
VA,51730,3,1,0.7777777777777778,Petersburg city
VA,51740,10,0.7,0.9107142857142857,Portsmouth city
VA,51760,18,0.9444444444444444,0.9732142857142857,Richmond city
VA,51770,4,1,0.9487179487179487,Roanoke city
VA,51775,3,1,0.7777777777777778,Salem city
VA,51800,5,0.8,0.918918919,Suffolk city
VA,51810,18,0.8888888888888888,0.9337748344370861,Virginia Beach city
VA,51820,1,1,0.8888888888888888,Waynesboro city
VT,50003,2,1,0.9,Bennington County
VT,50005,2,1,0.625,Caledonia County
VT,50007,3,0.6666666666666666,0.8767123287671232,Chittenden County
VT,50013,1,1,1,Grand Isle County
VT,50017,2,1,0.8125,Orange County
VT,50021,4,1,0.9411764705882353,Rutland County
VT,50023,4,1,0.875,Washington County
VT,50025,3,0.6666666666666666,0.7857142857142857,Windham County
VT,50027,7,0.8571428571428571,0.9705882352941176,Windsor County
WA,53001,3,1,0.8461538461538461,Adams County
WA,53003,1,1,0.7777777777777778,Asotin County
WA,53005,13,1,0.9464285714285714,Benton County
WA,53007,5,1,0.9253731343283582,Chelan County
WA,53009,6,1,0.8840579710144928,Clallam County
WA,53011,63,0.9206349206349206,0.9130434782608695,Clark County
WA,53015,7,0.8571428571428571,0.8918918918918919,Cowlitz County
WA,53017,3,1,0.926829268,Douglas County
WA,53021,8,0.75,0.90625,Franklin County
WA,53025,5,1,0.8985507246376812,Grant County
WA,53027,9,1,0.9,Grays Harbor County
WA,53029,9,1,0.9090909090909091,Island County
WA,53031,1,1,1,Jefferson County
WA,53033,232,0.9482758620689655,0.9379811804961505,King County
WA,53035,28,0.8928571428571429,0.9484304932735426,Kitsap County
WA,53037,7,1,0.9767441860465116,Kittitas County
WA,53039,3,1,0.8333333333333334,Klickitat County
WA,53041,5,1,0.8333333333333334,Lewis County
WA,53045,8,0.875,0.9278350515463918,Mason County
WA,53049,1,0,0.8333333333333334,Pacific County
WA,53051,1,0,1,Pend Oreille County
WA,53053,109,0.908256881,0.9309859154929577,Pierce County
WA,53057,17,0.8823529411764706,0.8981481481481481,Skagit County
WA,53061,93,0.8817204301075269,0.9311783107403545,Snohomish County
WA,53063,38,0.7894736842105263,0.914153132,Spokane County
WA,53067,39,0.8717948717948718,0.9458917835671342,Thurston County
WA,53071,2,1,0.9714285714285714,Walla Walla County
WA,53073,17,0.7647058823529411,0.917098446,Whatcom County
WA,53075,1,1,1,Whitman County
WA,53077,22,0.9545454545454546,0.8607594936708861,Yakima County
WI,55001,2,1,0.8333333333333334,Adams County
WI,55005,3,1,0.7692307692307693,Barron County
WI,55009,4,1,0.9459459459459459,Brown County
WI,55013,1,1,0.7142857142857143,Burnett County
WI,55015,1,1,0.9473684210526315,Calumet County
WI,55021,2,1,0.8666666666666667,Columbia County
WI,55025,21,0.9047619047619048,0.980440098,Dane County
WI,55027,1,1,0.9,Dodge County
WI,55029,2,0.5,0.8823529411764706,Door County
WI,55031,2,1,0.8947368421052632,Douglas County
WI,55035,4,1,0.8636363636363636,Eau Claire County
WI,55039,2,1,0.8888888888888888,Fond du Lac County
WI,55043,1,1,0.7142857142857143,Grant County
WI,55045,1,1,1,Green County
WI,55059,2,1,0.8961038961038961,Kenosha County
WI,55063,3,1,0.9545454545454546,La Crosse County
WI,55067,2,1,0.875,Langlade County
WI,55069,1,1,0.8,Lincoln County
WI,55073,3,1,0.9210526315789473,Marathon County
WI,55079,38,0.8947368421052632,0.91,Milwaukee County
WI,55081,1,1,1,Monroe County
WI,55085,1,1,1,Oneida County
WI,55089,1,1,0.8809523809523809,Ozaukee County
WI,55093,1,1,0.9,Pierce County
WI,55095,1,1,0.9473684210526315,Polk County
WI,55097,1,1,1,Portage County
WI,55101,8,0.875,0.9072164948453608,Racine County
WI,55105,10,1,0.9365079365079365,Rock County
WI,55109,6,1,1,St. Croix County
WI,55111,2,1,0.8636363636363636,Sauk County
WI,55113,2,1,1,Sawyer County
WI,55117,3,1,0.95,Sheboygan County
WI,55119,2,1,1,Taylor County
WI,55123,1,0,0.75,Vernon County
WI,55125,1,1,0.9375,Vilas County
WI,55127,5,1,0.84375,Walworth County
WI,55131,3,0.6666666666666666,0.9090909090909091,Washington County
WI,55133,9,0.8888888888888888,0.9329608938547486,Waukesha County
WI,55139,3,1,0.8805970149253731,Winnebago County
WV,54003,12,0.75,0.8878504672897196,Berkeley County
WV,54011,2,0,0.65,Cabell County
WV,54019,1,0,0.7777777777777778,Fayette County
WV,54021,1,1,1,Gilmer County
WV,54023,1,1,1,Grant County
WV,54031,1,1,0.5,Hardy County
WV,54035,1,1,0.3,Jackson County
WV,54037,5,0.8,0.9454545454545454,Jefferson County
WV,54039,2,1,0.7291666666666666,Kanawha County
WV,54049,2,0.5,0.7692307692307693,Marion County
WV,54055,1,1,0.9230769230769231,Mercer County
WV,54061,6,0.6666666666666666,0.7959183673469388,Monongalia County
WV,54079,3,1,0.625,Putnam County
WV,54081,2,1,0.625,Raleigh County
WV,54091,1,1,0.8333333333333334,Taylor County
WV,54107,2,0.5,1,Wood County
WY,56005,3,0.6666666666666666,0.9230769230769231,Campbell County
WY,56007,1,1,0.6666666666666666,Carbon County
WY,56015,1,1,1,Goshen County
WY,56021,6,1,0.8421052631578947,Laramie County
WY,56023,1,1,0.875,Lincoln County
WY,56025,4,0.5,0.7818181818181819,Natrona County
WY,56029,1,1,0.7692307692307693,Park County
WY,56039,2,0.5,1,Teton County
WY,56045,1,1,1,Weston County